发布时间,类型/来源,标题,简讯
10 hours ago,Formula 1,Cadillac and Audi - the same ambition but two very different projects,Cadillac and Audi enter F1 with the ultimate goal of becoming world champions. Both know they have some way to go before achieving that aim.
1 day ago,Formula 1,Will drivers still make a difference in F1 in 2026?,（此条为快讯/视频）
2 days ago,Formula 1,The 'rare combination' behind Britain's youngest F1 driver,（此条为快讯/视频）
2 days ago,Formula 1,Verstappen was not behind my Red Bull exit - Horner,（此条为快讯/视频）
3 days ago,Formula 1,Why has it gone so wrong for Aston Martin?,（此条为快讯/视频）
3 days ago,Formula 1,Andrew Benson Q&A: Send us your questions,（此条为快讯/视频）
6 days ago,Formula 1,Who are the winners and losers from F1 pre-season testing?,（此条为快讯/视频）
7 days ago,Formula 1,"'Keep calm,' says Domenicali on criticism of new F1 rules",（此条为快讯/视频）
19 February,Formula 1,Norris admits new F1 cars 'not purest form of racing',（此条为快讯/视频）
6 days ago,Tyne,'There is a small Geordie enclave in the F1 paddock',（此条为快讯/视频）
18 February,Formula 1,Hamilton finds new F1 cars 'more fun' to drive,（此条为快讯/视频）
18 February,Formula 1,F1 moves to close loophole in new engine rules,（此条为快讯/视频）
Available fo,BBC Radio 5 Live,"Episode 1: All at Risk. Audio, 38 minutesEpisode 1: All at Risk",（此条为快讯/视频）
Available fo,BBC Radio 5 Live,"Episode 2: Master v Apprentice. Audio, 32 minutesEpisode 2: Master v Apprentice",（此条为快讯/视频）
Available fo,BBC Radio 5 Live,"Episode 3: Hope and Ambition. Audio, 33 minutesEpisode 3: Hope and Ambition",（此条为快讯/视频）
Available fo,BBC Radio 5 Live,"Episode 4: Flying High. Audio, 40 minutesEpisode 4: Flying High",（此条为快讯/视频）
Available fo,BBC Radio 5 Live,"Episode 5: A Mountain to Climb. Audio, 37 minutesEpisode 5: A Mountain to Climb",（此条为快讯/视频）
Available fo,BBC Radio 5 Live,"Episode 6: A Clean Sheet. Audio, 34 minutesEpisode 6: A Clean Sheet",（此条为快讯/视频）
Available fo,BBC Radio 5 Live,"Episode 7: Shooting for the Stars. Audio, 29 minutesEpisode 7: Shooting for the Stars",（此条为快讯/视频）
Available fo,BBC Radio 5 Live,"Episode 8: Making History. Audio, 38 minutesEpisode 8: Making History",（此条为快讯/视频）
17 February,Formula 1,What is sandbagging in F1?,Our Ask Me Anything team explain what sandbagging means in Formula 1.
19 February,Formula 1,Ireland's Dunne signs for Alpine's F1 academy,（此条为快讯/视频）
16 February,Formula 1,Barcelona strikes deal to continue hosting F1 races until 2032,（此条为快讯/视频）
13 February,Formula 1,Hiding pace? Too slow? What pre-season testing told us,（此条为快讯/视频）
13 February,Formula 1,"Red Bull advantage 'pretty scary', says Russell",（此条为快讯/视频）
12 February,Formula 1,'Formula E on steroids' or 'a lot of fun'? New F1 cars split drivers,（此条为快讯/视频）
11 February,Formula 1,"Red Bull are 'the benchmark', says Wolff",（此条为快讯/视频）
11 February,Formula 1,F1 2026 cars in pictures at Bahrain testing,Fans got a first look at all the 2026 Formula 1 cars on track on the first day of testing in Bahrain.
12 February,Formula 1,Aston Martin 'look four seconds off top teams',（此条为快讯/视频）
11 February,US & Canada,"Brad Pitt blockbuster F1 sequel in the works, producer confirms",（此条为快讯/视频）
11 February,Formula 1,New F1 rules 'ridiculously complex' - Hamilton,（此条为快讯/视频）
9 February,Formula 1,F1 newcomers Cadillac unveil split livery in Â£7m Super Bowl advert,（此条为快讯/视频）
9 February,Formula 1,'Different solution to new rules' - Newey on Aston Martin car,（此条为快讯/视频）
5 February,Formula 1,"'It's unique' - can Norris and Piastri guide McLaren to success again?  Video, 00:05:08'It's unique' - can Norris and Piastri guide McLaren to success again?",（此条为快讯/视频）
8 December 2025,Formula 1,"'This is not my world championship, this is ours' Video, 00:01:05'This is not my world championship, this is ours'",（此条为快讯/视频）
Available fo,BBC World Service,"More than the Score. How do Formula 1 drivers remain fit during the season? Audio, 20 minutesMore than the ScoreHow do Formula 1 drivers remain fit during the season?",（此条为快讯/视频）
Available fo,BBC Radio 5 Live,"F1: Chequered Flag. Chequered Flag Extra: Lando Norris Special. Audio, 29 minutesF1: Chequered FlagChequered Flag Extra: Lando Norris Special",（此条为快讯/视频）
,Formula 1,Best images of 2025 F1 season - on and off the track,BBC Sport and Getty Images look back at the 2025 F1 season with a selection of the best photographs from a dramatic year.
8 December 2025,Formula 1,Norris keen to 'live a normal few days' and 'forget I drive in F1',（此条为快讯/视频）
7 December 2025,Formula 1,How Norris achieved his lifetime's ambition by 'winning it my way',（此条为快讯/视频）
8 December 2025,Formula 1,Norris is 'only just getting going' - and rank British world champions,（此条为快讯/视频）
7 December 2025,Formula 1,"Backed by his family, propelled by his talent - the rise of Norris",（此条为快讯/视频）
8 December 2025,Formula 1,"Inside McLaren's season - the rules, values, incidents & relationships",（此条为快讯/视频）
7 December 2025,Formula 1,Quiz: How well do you know F1 champion Norris?,（此条为快讯/视频）
Available fo,BBC Four,"Prost. Series 1, Episode 1. Video, 26 minutesProstSeries 1Episode 1",（此条为快讯/视频）
Available fo,BBC Four,"Prost. Series 1, Episode 2. Video, 27 minutesProstSeries 1Episode 2",（此条为快讯/视频）
Available fo,BBC Four,"Prost. Series 1, Episode 3. Video, 23 minutesProstSeries 1Episode 3",（此条为快讯/视频）
Available fo,BBC Four,"Prost. Series 1, Episode 4. Video, 26 minutesProstSeries 1Episode 4",（此条为快讯/视频）
Available fo,BBC Four,"Prost. Series 1, Episode 5. Video, 26 minutesProstSeries 1Episode 5",（此条为快讯/视频）
10 December 2025,Formula 1,When does the 2026 F1 season start?,（此条为快讯/视频）
3 December 2025,Formula 1,What is next for Red Bull's Yuki Tsunoda?,（此条为快讯/视频）
22 October 2025,Formula 1,What is the halo in Formula 1?,（此条为快讯/视频）
10 October 2025,Formula 1,What are 'papaya rules' in Formula 1?,（此条为快讯/视频）
10 September 2025,Formula 1,What is a super licence in Formula 1?,（此条为快讯/视频）
,iPlayer,Lord Sugar's hopefuls jet off to Hong Kong,Boardrooms and bust-ups in Britain's toughest job interview
,Sounds,Annie and Nick look ahead to the Brit Awards,（此条为快讯/视频）
Available f,iPlayer,"The making of Charli XCX's fourth album, during the 2020 lockdown",（此条为快讯/视频）
,Sounds,An occult-tinged crime shakes a Welsh village to its core,（此条为快讯/视频）
,iPlayer,Get up close and personal with Africa's magnificent felines,（此条为快讯/视频）
,Sounds,"Meet the PokÃ©mon Company's president, Tsunekazu Ishihara",（此条为快讯/视频）
,iPlayer,Dinosaur returns bringing chaos and comedy,（此条为快讯/视频）
,Formula 1,Instagram,（此条为快讯/视频）
,Formula 1,TikTok,（此条为快讯/视频）
,Formula 1,Facebook,（此条为快讯/视频）
,Formula 1,X,（此条为快讯/视频）
,Formula 1,YouTube,（此条为快讯/视频）
